,percentiles,en_length,fr_length
0,0.8999999761581421,33,37
1,0.949999988079071,39,44
2,0.9800000190734863,48,53
3,0.9900000095367432,54,60
