,percentiles,en_length,de_length
0,0.8999999761581421,30,29
1,0.949999988079071,36,35
2,0.9800000190734863,44,42
3,0.9900000095367432,51,48
