,percentiles,en_length,es_length
0,0.8999999761581421,34,38
1,0.949999988079071,41,45
2,0.9800000190734863,49,54
3,0.9900000095367432,55,61
